estado,n_vecinos,conflictivo
AL,4,False
AR,6,False
AZ,4,False
CA,3,False
CO,6,False
CT,3,False
DE,3,False
FL,2,False
GA,5,False
IA,6,False
ID,6,False
IL,5,False
IN,4,False
KS,4,False
KY,7,True
LA,3,False
MA,5,False
MD,4,False
ME,1,False
MI,3,False
MN,4,False
MO,8,False
MS,4,False
MT,4,False
NC,4,False
ND,3,False
NE,6,False
NH,3,False
NJ,3,False
NM,4,False
NV,5,True
NY,5,False
OH,5,False
OK,6,False
OR,4,False
PA,6,False
RI,2,False
SC,2,False
SD,6,False
TN,8,False
TX,4,False
UT,5,False
VA,5,False
VT,3,False
WA,2,False
WI,4,False
WV,5,True
WY,6,False
