terreno,semilla,desnivel_SG,coste_ida,coste_vuelta,diferencia_pct,misma_ruta,d_ida,d_vuelta
base,4000,-0.2037698992597275,1949.6015880720142,1954.6665161717622,-0.2591198067723455,True,61,61
base,4001,0.07886374678682345,2493.3241599979224,2491.3537347311976,0.07909054580470531,True,86,86
base,4002,-0.2515498299167132,2016.3225251751533,2022.0910569607,-0.28527556984585534,True,69,69
base,4003,0.6376224517857814,1906.4801638319066,1892.0111252404117,0.7647438431238829,True,65,65
base,4004,0.021049437754865563,1779.7411806004175,1779.164922801666,0.03238922886608098,True,71,71
base,4005,-0.7145209365343126,2435.2730182780474,2451.458484984954,-0.6602382543307028,True,89,89
base,4006,-0.6361438162436313,1988.6292076892546,2006.697406676403,-0.900394794304038,True,69,69
base,4007,0.9361652044462943,1953.3450489276224,1929.9115629549574,1.2142258962781316,True,60,60
base,4008,0.28466884061698483,1988.209122977421,1978.8835245697737,0.4712555484878589,False,68,66
base,4009,-0.7419371201180669,2304.818322948505,2322.964880099811,-0.7811808653141017,True,83,83
base,4010,-0.45166375906399914,2243.704205981702,2254.37780115831,-0.473460800187242,True,82,82
base,4011,0.9352607473408956,2259.9918288275703,2238.152310873989,0.9757833659253201,True,83,83
base,4012,0.5072225989010588,2277.8089373757384,2267.4607710035125,0.4563768645772903,True,84,84
base,4013,0.7424371371572798,2627.7884237617122,2609.785812628798,0.6898118246255747,True,88,88
base,4014,5.5038830987294745,2940.48890739357,2445.041849818614,20.26333649919778,False,83,78
base,4015,0.621637832339843,1974.9581332788912,1960.5784803936542,0.7334392899359887,True,78,78
base,4016,0.4712892525769154,2487.1905157458577,2476.8346033515854,0.4181107765637293,False,84,84
base,4017,-0.23625093262670774,1913.6349216955066,1919.003358059751,-0.279751275144835,True,75,75
base,4018,0.5493321982805424,2064.8784371063875,2051.8710252260453,0.6339293123411194,True,69,69
base,4019,0.32141467149930136,1834.1695381929453,1827.8644083353208,0.34494516271952325,True,55,55
base,4020,-3.986349080135263,2305.831236436071,2610.1174009556944,-11.657949347727003,False,65,71
base,4021,-0.06993157465148056,2399.361905798695,2401.6440235342225,-0.09502314719270766,True,71,71
base,4022,-0.3284714240363162,2424.205052569595,2432.0515492777154,-0.3226287169139419,True,87,87
base,4023,0.16326032699584025,1854.832646095616,1849.3374144803063,0.2971459708910773,True,73,73
base,4024,1.224970186726441,2243.200602782843,2213.3687416888324,1.347803487603616,True,75,75
base,4025,1.8406362240533858,2084.5957928477283,1989.6525028751707,4.771852865530968,False,61,61
base,4026,3.7773043125175763,2857.44111047925,2463.9617257221707,15.969378933504053,False,75,73
base,4027,-0.31846961471427515,2086.2519236148155,2093.572543299189,-0.3496711736980074,True,76,76
base,4028,-0.5103966711528628,2054.0692920430897,2066.116717722181,-0.5830951163481757,True,80,80
base,4029,0.27696623401949666,1925.0123458448315,1918.3242312063483,0.34864359891224606,True,72,72
abrupto,4000,5.1503217569688715,2706.4278589645037,2342.6624572858523,15.527862349409926,False,80,79
abrupto,4001,-7.967764462269125,2667.3664750145094,3268.712105873558,-18.397020336495494,False,70,73
abrupto,4002,0.5945984388589218,2774.7090673293387,2696.0533454311044,2.9174393760245554,True,87,87
abrupto,4003,-3.426613696682069,2363.589562523144,2488.1815934848105,-5.0073528109003345,False,78,78
abrupto,4004,-0.587681927967467,2260.629504026777,2277.223829770281,-0.7287085936202531,True,74,74
abrupto,4005,1.4969447016403985,2204.55088047464,2267.3785425321776,-2.770938371295184,False,66,66
abrupto,4006,2.6584073953978526,2421.599283009883,2259.5576752497304,7.171386220192111,False,73,74
abrupto,4007,2.144560037635103,3369.7815871903986,3067.801296215869,9.843541410163104,False,94,93
abrupto,4008,-2.497761346654317,2261.176210771455,2378.6783479988767,-4.939807743500646,False,74,74
abrupto,4009,-1.7854621918726468,2271.8635043355366,2320.6274455724706,-2.101325713869795,True,87,87
abrupto,4010,5.370216697254282,2697.3001583262326,2293.521832664044,17.605165990209027,False,73,68
abrupto,4011,-3.8422631520312374,2254.7322675606333,2381.3639000575063,-5.317609479752972,False,65,67
abrupto,4012,1.3970859605903112,2753.754947241105,2679.321889987197,2.7780558033011715,True,85,85
abrupto,4013,0.08153912535621677,1812.4460764513935,1810.1755446077707,0.12543158316256076,True,54,54
abrupto,4014,3.690662775500186,2846.481436749998,2563.953561824512,11.01922745919155,False,85,82
abrupto,4015,-0.9073569128418404,2015.5270603938893,2035.8454328922392,-0.9980311948085574,True,75,75
abrupto,4016,-1.3536489620273775,2301.8255752125174,2224.1166119267327,3.4939248629803688,False,70,70
abrupto,4017,-0.15515999470112812,2128.27158859512,2132.4500885484813,-0.19594831202850438,True,66,66
abrupto,4018,-3.4035259051103273,2172.997635534858,2419.1237707992414,-10.174185307726813,False,73,73
abrupto,4019,0.994514503486577,2456.2317142874554,2431.411085446077,1.0208322644389423,True,72,72
abrupto,4020,2.1832905045970414,1973.019969786332,1913.6284531941508,3.1036075207309555,True,70,70
abrupto,4021,0.6712801672711798,2744.5616674625353,2733.7023258230674,0.3972393605875979,False,77,77
abrupto,4022,-3.2153338746990814,2318.3512044562317,2408.27414264805,-3.733916193317699,True,84,84
abrupto,4023,6.665652325939727,2846.506833961535,2320.8738745162304,22.648062232803113,False,74,69
abrupto,4024,0.44716068482508,2309.6547913082168,2295.4282931129915,0.6197753263697869,True,69,69
abrupto,4025,0.4710015511776562,2406.103561453899,2364.1542162681158,1.7743912345955737,False,63,66
abrupto,4026,1.4154860888148493,2116.5349705396216,2074.5341124989063,2.0245923066612104,True,69,69
abrupto,4027,-1.7166129754187436,1945.7530563169794,2018.3938848037767,-3.5989421605812755,False,60,60
abrupto,4028,1.5557377086136475,3003.365184317502,2883.6753742841406,4.150599304648628,False,79,78
abrupto,4029,0.8262929063517355,2530.491018814994,2462.884196620273,2.745026432322528,False,73,72
