terreno,semilla,theta_max_grados,hay_ruta,coste,pasos,tiempo_extra_pct,expandidos
base,5000,10,True,1729.1157556096957,52,0.0,275
base,5000,15,True,1729.1157556096957,52,0.0,275
base,5000,20,True,1729.1157556096957,52,0.0,275
base,5000,25,True,1729.1157556096957,52,0.0,275
base,5001,10,True,2316.3754749476707,91,0.0,1037
base,5001,15,True,2316.3754749476707,91,0.0,1037
base,5001,20,True,2316.3754749476707,91,0.0,1037
base,5001,25,True,2316.3754749476707,91,0.0,1037
base,5002,10,False,,,,8401
base,5002,15,True,2376.9163239358363,81,14.681784935325615,3450
base,5002,20,True,2217.669393143172,80,6.9984171680772755,2605
base,5002,25,True,2072.618877772342,74,0.0,1789
base,5003,10,False,,,,8441
base,5003,15,True,2369.951689930234,79,4.441970247709026,2923
base,5003,20,True,2269.1564361619457,76,0.0,2353
base,5003,25,True,2269.1564361619457,76,0.0,2441
base,5004,10,True,1820.0764802796566,69,0.0,794
base,5004,15,True,1820.0764802796566,69,0.0,796
base,5004,20,True,1820.0764802796566,69,0.0,796
base,5004,25,True,1820.0764802796566,69,0.0,797
base,5005,10,True,1860.2641454389768,70,0.0,804
base,5005,15,True,1860.2641454389768,70,0.0,804
base,5005,20,True,1860.2641454389768,70,0.0,804
base,5005,25,True,1860.2641454389768,70,0.0,804
base,5006,10,False,,,,287
base,5006,15,False,,,,495
base,5006,20,True,3160.529544250286,83,0.0,1804
base,5006,25,True,3160.529544250286,83,0.0,1855
base,5007,10,True,2005.6841090238995,77,0.0,846
base,5007,15,True,2005.6841090238995,77,0.0,846
base,5007,20,True,2005.6841090238995,77,0.0,846
base,5007,25,True,2005.6841090238995,77,0.0,846
base,5008,10,True,2569.526881680101,89,0.0,875
base,5008,15,True,2569.526881680101,89,0.0,937
base,5008,20,True,2569.526881680101,89,0.0,978
base,5008,25,True,2569.526881680101,89,0.0,999
base,5009,10,True,2722.448657964871,92,0.0,1190
base,5009,15,True,2722.448657964871,92,0.0,1195
base,5009,20,True,2722.448657964871,92,0.0,1195
base,5009,25,True,2722.448657964871,92,0.0,1195
base,5010,10,True,2044.8506059162391,71,0.0,924
base,5010,15,True,2044.8506059162391,71,0.0,974
base,5010,20,True,2044.8506059162391,71,0.0,1008
base,5010,25,True,2044.8506059162391,71,0.0,1030
base,5011,10,True,1800.51002835832,57,0.0,642
base,5011,15,True,1800.51002835832,57,0.0,642
base,5011,20,True,1800.51002835832,57,0.0,642
base,5011,25,True,1800.51002835832,57,0.0,642
base,5012,10,True,2062.663329247979,63,0.0,850
base,5012,15,True,2062.663329247979,63,0.0,891
base,5012,20,True,2062.663329247979,63,0.0,942
base,5012,25,True,2062.663329247979,63,0.0,981
base,5013,10,True,2748.5392510848906,81,13.155107662443744,990
base,5013,15,True,2461.656717433273,74,1.344388943760677,1268
base,5013,20,True,2429.001489958489,72,0.0,1255
base,5013,25,True,2429.001489958489,72,0.0,1256
base,5014,10,False,,,,8724
base,5014,15,False,,,,8866
base,5014,20,True,2497.381884107116,73,3.1513753225634655,3391
base,5014,25,True,2421.0844269381596,69,0.0,2882
base,5015,10,True,2375.014815570531,77,0.0,1429
base,5015,15,True,2375.014815570531,77,0.0,1517
base,5015,20,True,2375.014815570531,77,0.0,1568
base,5015,25,True,2375.014815570531,77,0.0,1574
base,5016,10,True,2140.398459569026,70,0.0,959
base,5016,15,True,2140.398459569026,70,0.0,966
base,5016,20,True,2140.398459569026,70,0.0,966
base,5016,25,True,2140.398459569026,70,0.0,966
base,5017,10,False,,,,7
base,5017,15,True,2114.1690863227514,74,0.0,875
base,5017,20,True,2114.1690863227514,74,0.0,1035
base,5017,25,True,2114.1690863227514,74,0.0,1041
base,5018,10,True,2128.3306456946243,63,0.0,825
base,5018,15,True,2128.3306456946243,63,0.0,851
base,5018,20,True,2128.3306456946243,63,0.0,883
base,5018,25,True,2128.3306456946243,63,0.0,883
base,5019,10,True,1992.936794446434,68,0.0,830
base,5019,15,True,1992.936794446434,68,0.0,847
base,5019,20,True,1992.936794446434,68,0.0,850
base,5019,25,True,1992.936794446434,68,0.0,854
base,5020,10,False,,,,8793
base,5020,15,False,,,,8861
base,5020,20,True,2596.3475666913982,85,4.4582115759959295,3521
base,5020,25,True,2485.5370655111124,81,0.0,2945
base,5021,10,True,2124.314983703241,69,0.0,1099
base,5021,15,True,2124.314983703241,69,0.0,1099
base,5021,20,True,2124.314983703241,69,0.0,1099
base,5021,25,True,2124.314983703241,69,0.0,1099
base,5022,10,True,1763.5152558778586,53,0.0,251
base,5022,15,True,1763.5152558778586,53,0.0,251
base,5022,20,True,1763.5152558778586,53,0.0,251
base,5022,25,True,1763.5152558778586,53,0.0,251
base,5023,10,False,,,,43
base,5023,15,True,2127.2134888558426,72,0.0,1285
base,5023,20,True,2127.2134888558426,72,0.0,1341
base,5023,25,True,2127.2134888558426,72,0.0,1358
base,5024,10,True,2227.9638206976633,80,0.0,498
base,5024,15,True,2227.9638206976633,80,0.0,500
base,5024,20,True,2227.9638206976633,80,0.0,500
base,5024,25,True,2227.9638206976633,80,0.0,500
base,5025,10,True,2031.5226698739834,75,0.0,801
base,5025,15,True,2031.5226698739834,75,0.0,809
base,5025,20,True,2031.5226698739834,75,0.0,812
base,5025,25,True,2031.5226698739834,75,0.0,813
base,5026,10,True,2628.9054349633366,87,0.0,1897
base,5026,15,True,2628.9054349633366,87,0.0,1897
base,5026,20,True,2628.9054349633366,87,0.0,1897
base,5026,25,True,2628.9054349633366,87,0.0,1897
base,5027,10,False,,,,48
base,5027,15,True,3030.8071262956314,97,4.968454323797378,1533
base,5027,20,True,2887.511789444624,88,0.005588197953731999,1560
base,5027,25,True,2887.350438586498,87,0.0,1700
base,5028,10,True,1818.0834405424887,71,0.0,569
base,5028,15,True,1818.0834405424887,71,0.0,569
base,5028,20,True,1818.0834405424887,71,0.0,569
base,5028,25,True,1818.0834405424887,71,0.0,569
base,5029,10,True,2291.5436613371253,88,0.0,1256
base,5029,15,True,2291.5436613371253,88,0.0,1256
base,5029,20,True,2291.5436613371253,88,0.0,1256
base,5029,25,True,2291.5436613371253,88,0.0,1256
abrupto,5000,10,False,,,,8950
abrupto,5000,15,False,,,,9595
abrupto,5000,20,True,2723.853697493166,70,1.1575344558267364,2611
abrupto,5000,25,True,2692.6849415083484,69,0.0,2381
abrupto,5001,10,True,1993.3706079753301,65,0.7742271955535118,754
abrupto,5001,15,True,1978.0559607836758,65,0.0,843
abrupto,5001,20,True,1978.0559607836758,65,0.0,862
abrupto,5001,25,True,1978.0559607836758,65,0.0,875
abrupto,5002,10,True,2418.036138540217,84,1.085025223028513,1177
abrupto,5002,15,True,2418.036138540217,84,1.085025223028513,1240
abrupto,5002,20,True,2394.7783572286958,84,0.11274305857496003,1343
abrupto,5002,25,True,2392.0814514367416,84,0.0,1370
abrupto,5003,10,True,2309.531954192813,74,0.0,1288
abrupto,5003,15,True,2309.531954192813,74,0.0,1310
abrupto,5003,20,True,2309.531954192813,74,0.0,1315
abrupto,5003,25,True,2309.531954192813,74,0.0,1318
abrupto,5004,10,True,2775.8977443797226,91,0.0,1202
abrupto,5004,15,True,2775.8977443797226,91,0.0,1212
abrupto,5004,20,True,2775.8977443797226,91,0.0,1254
abrupto,5004,25,True,2775.8977443797226,91,0.0,1283
abrupto,5005,10,True,2500.61569435293,80,2.91587827828359,1653
abrupto,5005,15,True,2474.5895460111337,72,1.8447405097549607,1838
abrupto,5005,20,True,2429.766656211482,70,0.0,1808
abrupto,5005,25,True,2429.766656211482,70,0.0,1929
abrupto,5006,10,True,2284.097569714583,75,0.1896232661631636,1188
abrupto,5006,15,True,2284.097569714583,75,0.1896232661631636,1324
abrupto,5006,20,True,2279.7745866821588,75,0.0,2085
abrupto,5006,25,True,2279.7745866821588,75,0.0,2341
abrupto,5007,10,True,2062.628583397193,78,0.0,1182
abrupto,5007,15,True,2062.628583397193,78,0.0,1183
abrupto,5007,20,True,2062.628583397193,78,0.0,1185
abrupto,5007,25,True,2062.628583397193,78,0.0,1185
abrupto,5008,10,True,2318.805977950652,85,2.459126759450503,570
abrupto,5008,15,True,2263.152196675122,80,0.0,741
abrupto,5008,20,True,2263.152196675122,80,0.0,741
abrupto,5008,25,True,2263.152196675122,80,0.0,741
abrupto,5009,10,False,,,,8
abrupto,5009,15,False,,,,13
abrupto,5009,20,True,2678.8132643963213,71,4.917156966161396,3074
abrupto,5009,25,True,2553.2652064335966,65,0.0,2537
abrupto,5010,10,True,2474.1906795720993,87,0.0,1750
abrupto,5010,15,True,2474.1906795720993,87,0.0,1832
abrupto,5010,20,True,2474.1906795720993,87,0.0,1970
abrupto,5010,25,True,2474.1906795720993,87,0.0,2022
abrupto,5011,10,True,2417.892739579114,80,0.0,1969
abrupto,5011,15,True,2417.892739579114,80,0.0,1990
abrupto,5011,20,True,2417.892739579114,80,0.0,1991
abrupto,5011,25,True,2417.892739579114,80,0.0,1994
abrupto,5012,10,False,,,,211
abrupto,5012,15,True,2948.7696649850354,79,4.32638964567531,1368
abrupto,5012,20,True,2834.555305101595,74,0.2855274671803798,1850
abrupto,5012,25,True,2826.4849143155143,73,0.0,1887
abrupto,5013,10,True,2622.3696895071193,87,5.252855884933294,2251
abrupto,5013,15,True,2491.495045392403,78,0.0,2039
abrupto,5013,20,True,2491.495045392403,78,0.0,2186
abrupto,5013,25,True,2491.495045392403,78,0.0,2369
abrupto,5014,10,False,,,,7946
abrupto,5014,15,False,,,,8344
abrupto,5014,20,True,2516.168670250607,78,2.387153546791998,3447
abrupto,5014,25,True,2457.5042699089117,75,0.0,3123
abrupto,5015,10,True,3154.2479202974905,96,0.0,1512
abrupto,5015,15,True,3154.2479202974905,96,0.0,1550
abrupto,5015,20,True,3154.2479202974905,96,0.0,1556
abrupto,5015,25,True,3154.2479202974905,96,0.0,1564
abrupto,5016,10,False,,,,6
abrupto,5016,15,False,,,,9
abrupto,5016,20,True,3555.027123384317,104,20.732559408948358,3776
abrupto,5016,25,True,2944.5471385582405,78,0.0,3625
abrupto,5017,10,False,,,,6715
abrupto,5017,15,True,3792.6350397855153,119,16.562616968680842,5309
abrupto,5017,20,True,3518.05427066188,100,8.123668142185236,4941
abrupto,5017,25,True,3253.7318897057335,95,0.0,3968
abrupto,5018,10,True,3705.348005519454,117,1.2571408198556178,2846
abrupto,5018,15,True,3659.344887203124,115,0.0,3190
abrupto,5018,20,True,3659.344887203124,115,0.0,3454
abrupto,5018,25,True,3659.344887203124,115,0.0,3650
abrupto,5019,10,False,,,,587
abrupto,5019,15,True,2242.944306376471,65,3.0559518618401116,1224
abrupto,5019,20,True,2193.0648390265187,59,0.7641535450039205,1142
abrupto,5019,25,True,2176.433544938219,57,0.0,1071
abrupto,5020,10,True,2219.481742718588,76,0.0,1248
abrupto,5020,15,True,2219.481742718588,76,0.0,1251
abrupto,5020,20,True,2219.481742718588,76,0.0,1261
abrupto,5020,25,True,2219.481742718588,76,0.0,1263
abrupto,5021,10,True,2478.222108840703,75,2.03228491223868,1328
abrupto,5021,15,True,2428.8607385126224,71,0.0,1520
abrupto,5021,20,True,2428.8607385126224,71,0.0,1526
abrupto,5021,25,True,2428.8607385126224,71,0.0,1526
abrupto,5022,10,True,1972.5295213900843,70,0.0,1066
abrupto,5022,15,True,1972.5295213900843,70,0.0,1066
abrupto,5022,20,True,1972.5295213900843,70,0.0,1066
abrupto,5022,25,True,1972.5295213900843,70,0.0,1066
abrupto,5023,10,True,2939.2501393055168,87,0.6411798415053571,1642
abrupto,5023,15,True,2920.524326060556,83,0.0,1727
abrupto,5023,20,True,2920.524326060556,83,0.0,1837
abrupto,5023,25,True,2920.524326060556,83,0.0,1851
abrupto,5024,10,True,2300.2198412167654,79,0.0,948
abrupto,5024,15,True,2300.2198412167654,79,0.0,966
abrupto,5024,20,True,2300.2198412167654,79,0.0,989
abrupto,5024,25,True,2300.2198412167654,79,0.0,993
abrupto,5025,10,True,2168.4710953830318,74,0.15987302713624807,624
abrupto,5025,15,True,2165.0098286322,73,0.0,954
abrupto,5025,20,True,2165.0098286322,73,0.0,1034
abrupto,5025,25,True,2165.0098286322,73,0.0,1036
abrupto,5026,10,True,2157.244541020534,73,0.01567521082346257,1414
abrupto,5026,15,True,2156.9064413885817,72,0.0,1598
abrupto,5026,20,True,2156.9064413885817,72,0.0,1860
abrupto,5026,25,True,2156.9064413885817,72,0.0,2017
abrupto,5027,10,True,2931.0517566100903,105,0.0,3818
abrupto,5027,15,True,2931.0517566100903,105,0.0,4044
abrupto,5027,20,True,2931.0517566100903,105,0.0,4249
abrupto,5027,25,True,2931.0517566100903,105,0.0,4278
abrupto,5028,10,True,1987.1545601890107,73,0.0,1159
abrupto,5028,15,True,1987.1545601890107,73,0.0,1159
abrupto,5028,20,True,1987.1545601890107,73,0.0,1159
abrupto,5028,25,True,1987.1545601890107,73,0.0,1159
abrupto,5029,10,True,2147.3539034215823,80,1.854506948103407,1020
abrupto,5029,15,True,2108.2561466972643,77,0.0,1133
abrupto,5029,20,True,2108.2561466972643,77,0.0,1151
abrupto,5029,25,True,2108.2561466972643,77,0.0,1151
