terreno,semilla,algoritmo,coste,coste_networkx,error_relativo
base,3000,UCS,2180.1846296522635,2180.1846296522635,0.0
base,3000,A* (h1),2180.1846296522635,2180.1846296522635,0.0
base,3000,A* (h2),2180.1846296522635,2180.1846296522635,0.0
base,3001,UCS,2036.1429361610055,2036.1429361610055,0.0
base,3001,A* (h1),2036.1429361610055,2036.1429361610055,0.0
base,3001,A* (h2),2036.1429361610055,2036.1429361610055,0.0
base,3002,UCS,1859.6249721566699,1859.6249721566699,0.0
base,3002,A* (h1),1859.6249721566699,1859.6249721566699,0.0
base,3002,A* (h2),1859.6249721566699,1859.6249721566699,0.0
base,3003,UCS,2032.955703226089,2032.955703226089,0.0
base,3003,A* (h1),2032.955703226089,2032.955703226089,0.0
base,3003,A* (h2),2032.955703226089,2032.955703226089,0.0
base,3004,UCS,1892.6482411751854,1892.6482411751854,0.0
base,3004,A* (h1),1892.6482411751854,1892.6482411751854,0.0
base,3004,A* (h2),1892.6482411751854,1892.6482411751854,0.0
base,3005,UCS,1846.4786474892564,1846.4786474892564,0.0
base,3005,A* (h1),1846.4786474892564,1846.4786474892564,0.0
base,3005,A* (h2),1846.4786474892564,1846.4786474892564,0.0
base,3006,UCS,1791.4146551961103,1791.4146551961103,0.0
base,3006,A* (h1),1791.4146551961103,1791.4146551961103,0.0
base,3006,A* (h2),1791.4146551961103,1791.4146551961103,0.0
base,3007,UCS,1917.0503491510121,1917.0503491510121,0.0
base,3007,A* (h1),1917.0503491510121,1917.0503491510121,0.0
base,3007,A* (h2),1917.0503491510121,1917.0503491510121,0.0
base,3008,UCS,3079.4846532116576,3079.4846532116576,0.0
base,3008,A* (h1),3079.4846532116576,3079.4846532116576,0.0
base,3008,A* (h2),3079.4846532116576,3079.4846532116576,0.0
base,3009,UCS,2527.270164687683,2527.270164687683,0.0
base,3009,A* (h1),2527.270164687683,2527.270164687683,0.0
base,3009,A* (h2),2527.270164687683,2527.270164687683,0.0
base,3010,UCS,1830.896004054348,1830.896004054348,0.0
base,3010,A* (h1),1830.896004054348,1830.896004054348,0.0
base,3010,A* (h2),1830.896004054348,1830.896004054348,0.0
base,3011,UCS,1948.0444117557838,1948.0444117557838,0.0
base,3011,A* (h1),1948.0444117557838,1948.0444117557838,0.0
base,3011,A* (h2),1948.0444117557838,1948.0444117557838,0.0
base,3012,UCS,2490.358194833505,2490.358194833505,0.0
base,3012,A* (h1),2490.358194833505,2490.358194833505,0.0
base,3012,A* (h2),2490.358194833505,2490.358194833505,0.0
base,3013,UCS,2062.3056300298267,2062.3056300298267,0.0
base,3013,A* (h1),2062.3056300298267,2062.3056300298267,0.0
base,3013,A* (h2),2062.3056300298267,2062.3056300298267,0.0
base,3014,UCS,2275.456475567552,2275.456475567552,0.0
base,3014,A* (h1),2275.456475567552,2275.456475567552,0.0
base,3014,A* (h2),2275.456475567552,2275.456475567552,0.0
base,3015,UCS,2405.2857264923537,2405.2857264923537,0.0
base,3015,A* (h1),2405.2857264923537,2405.2857264923537,0.0
base,3015,A* (h2),2405.2857264923537,2405.2857264923537,0.0
base,3016,UCS,1747.2453400065629,1747.2453400065629,0.0
base,3016,A* (h1),1747.2453400065629,1747.2453400065629,0.0
base,3016,A* (h2),1747.2453400065629,1747.2453400065629,0.0
base,3017,UCS,1737.9457961538271,1737.9457961538271,0.0
base,3017,A* (h1),1737.9457961538271,1737.9457961538271,0.0
base,3017,A* (h2),1737.9457961538271,1737.9457961538271,0.0
base,3018,UCS,2214.193053812081,2214.193053812081,0.0
base,3018,A* (h1),2214.193053812081,2214.193053812081,0.0
base,3018,A* (h2),2214.193053812081,2214.193053812081,0.0
base,3019,UCS,2527.5381299020564,2527.5381299020564,0.0
base,3019,A* (h1),2527.5381299020564,2527.5381299020564,0.0
base,3019,A* (h2),2527.5381299020564,2527.5381299020564,0.0
base,3020,UCS,1920.6220775486718,1920.6220775486718,0.0
base,3020,A* (h1),1920.6220775486718,1920.6220775486718,0.0
base,3020,A* (h2),1920.6220775486718,1920.6220775486718,0.0
base,3021,UCS,1898.4698157565465,1898.4698157565465,0.0
base,3021,A* (h1),1898.4698157565465,1898.4698157565465,0.0
base,3021,A* (h2),1898.4698157565465,1898.4698157565465,0.0
base,3022,UCS,2281.11515189651,2281.11515189651,0.0
base,3022,A* (h1),2281.11515189651,2281.11515189651,0.0
base,3022,A* (h2),2281.11515189651,2281.11515189651,0.0
base,3023,UCS,1817.6317122976066,1817.6317122976066,0.0
base,3023,A* (h1),1817.6317122976066,1817.6317122976066,0.0
base,3023,A* (h2),1817.6317122976066,1817.6317122976066,0.0
base,3024,UCS,2091.757708882373,2091.757708882373,0.0
base,3024,A* (h1),2091.757708882373,2091.757708882373,0.0
base,3024,A* (h2),2091.757708882373,2091.757708882373,0.0
base,3025,UCS,1825.4874248818405,1825.4874248818405,0.0
base,3025,A* (h1),1825.4874248818405,1825.4874248818405,0.0
base,3025,A* (h2),1825.4874248818405,1825.4874248818405,0.0
base,3026,UCS,3071.766212029034,3071.766212029034,0.0
base,3026,A* (h1),3071.766212029034,3071.766212029034,0.0
base,3026,A* (h2),3071.766212029034,3071.766212029034,0.0
base,3027,UCS,1998.119768021278,1998.119768021278,0.0
base,3027,A* (h1),1998.119768021278,1998.119768021278,0.0
base,3027,A* (h2),1998.119768021278,1998.119768021278,0.0
base,3028,UCS,2201.7082832373217,2201.7082832373217,0.0
base,3028,A* (h1),2201.7082832373217,2201.7082832373217,0.0
base,3028,A* (h2),2201.7082832373217,2201.7082832373217,0.0
base,3029,UCS,2024.9171471570478,2024.9171471570478,0.0
base,3029,A* (h1),2024.9171471570478,2024.9171471570478,0.0
base,3029,A* (h2),2024.9171471570478,2024.9171471570478,0.0
abrupto,3000,UCS,2434.4451921596296,2434.4451921596296,0.0
abrupto,3000,A* (h1),2434.4451921596296,2434.4451921596296,0.0
abrupto,3000,A* (h2),2434.4451921596296,2434.4451921596296,0.0
abrupto,3001,UCS,2330.7736429432684,2330.7736429432684,0.0
abrupto,3001,A* (h1),2330.7736429432684,2330.7736429432684,0.0
abrupto,3001,A* (h2),2330.7736429432684,2330.7736429432684,0.0
abrupto,3002,UCS,2711.190984694014,2711.190984694014,0.0
abrupto,3002,A* (h1),2711.190984694014,2711.190984694014,0.0
abrupto,3002,A* (h2),2711.190984694014,2711.190984694014,0.0
abrupto,3003,UCS,2121.5020635817123,2121.5020635817123,0.0
abrupto,3003,A* (h1),2121.5020635817123,2121.5020635817123,0.0
abrupto,3003,A* (h2),2121.5020635817123,2121.5020635817123,0.0
abrupto,3004,UCS,3053.332921618475,3053.332921618475,0.0
abrupto,3004,A* (h1),3053.332921618475,3053.332921618475,0.0
abrupto,3004,A* (h2),3053.332921618475,3053.332921618475,0.0
abrupto,3005,UCS,1994.3367586347645,1994.3367586347645,0.0
abrupto,3005,A* (h1),1994.3367586347645,1994.3367586347645,0.0
abrupto,3005,A* (h2),1994.3367586347645,1994.3367586347645,0.0
abrupto,3006,UCS,2325.781696724414,2325.781696724414,0.0
abrupto,3006,A* (h1),2325.781696724414,2325.781696724414,0.0
abrupto,3006,A* (h2),2325.781696724414,2325.781696724414,0.0
abrupto,3007,UCS,2427.5276550049534,2427.5276550049534,0.0
abrupto,3007,A* (h1),2427.5276550049534,2427.5276550049534,0.0
abrupto,3007,A* (h2),2427.5276550049534,2427.5276550049534,0.0
abrupto,3008,UCS,2722.6714300167732,2722.6714300167732,0.0
abrupto,3008,A* (h1),2722.6714300167732,2722.6714300167732,0.0
abrupto,3008,A* (h2),2722.6714300167732,2722.6714300167732,0.0
abrupto,3009,UCS,2137.2678638925768,2137.2678638925768,0.0
abrupto,3009,A* (h1),2137.2678638925768,2137.2678638925768,0.0
abrupto,3009,A* (h2),2137.2678638925768,2137.2678638925768,0.0
abrupto,3010,UCS,1896.2462015673616,1896.2462015673616,0.0
abrupto,3010,A* (h1),1896.2462015673616,1896.2462015673616,0.0
abrupto,3010,A* (h2),1896.2462015673616,1896.2462015673616,0.0
abrupto,3011,UCS,2692.391664489824,2692.391664489824,0.0
abrupto,3011,A* (h1),2692.391664489824,2692.391664489824,0.0
abrupto,3011,A* (h2),2692.391664489824,2692.391664489824,0.0
abrupto,3012,UCS,2927.456391302314,2927.456391302314,0.0
abrupto,3012,A* (h1),2927.456391302314,2927.456391302314,0.0
abrupto,3012,A* (h2),2927.456391302314,2927.456391302314,0.0
abrupto,3013,UCS,1949.741026877081,1949.741026877081,0.0
abrupto,3013,A* (h1),1949.741026877081,1949.741026877081,0.0
abrupto,3013,A* (h2),1949.741026877081,1949.741026877081,0.0
abrupto,3014,UCS,2248.2918053431804,2248.2918053431804,0.0
abrupto,3014,A* (h1),2248.2918053431804,2248.2918053431804,0.0
abrupto,3014,A* (h2),2248.2918053431804,2248.2918053431804,0.0
abrupto,3015,UCS,2420.350061328668,2420.350061328668,0.0
abrupto,3015,A* (h1),2420.350061328668,2420.350061328668,0.0
abrupto,3015,A* (h2),2420.350061328668,2420.350061328668,0.0
abrupto,3016,UCS,2657.7710638796384,2657.7710638796384,0.0
abrupto,3016,A* (h1),2657.7710638796384,2657.7710638796384,0.0
abrupto,3016,A* (h2),2657.7710638796384,2657.7710638796384,0.0
abrupto,3017,UCS,2780.431681690248,2780.431681690248,0.0
abrupto,3017,A* (h1),2780.431681690248,2780.431681690248,0.0
abrupto,3017,A* (h2),2780.431681690248,2780.431681690248,0.0
abrupto,3018,UCS,2667.9005750999995,2667.9005750999995,0.0
abrupto,3018,A* (h1),2667.9005750999995,2667.9005750999995,0.0
abrupto,3018,A* (h2),2667.9005750999995,2667.9005750999995,0.0
abrupto,3019,UCS,2641.8525765111813,2641.8525765111813,0.0
abrupto,3019,A* (h1),2641.8525765111813,2641.8525765111813,0.0
abrupto,3019,A* (h2),2641.8525765111813,2641.8525765111813,0.0
abrupto,3020,UCS,2551.6850191853177,2551.6850191853177,0.0
abrupto,3020,A* (h1),2551.6850191853177,2551.6850191853177,0.0
abrupto,3020,A* (h2),2551.6850191853177,2551.6850191853177,0.0
abrupto,3021,UCS,3231.994484256304,3231.994484256304,0.0
abrupto,3021,A* (h1),3231.994484256304,3231.994484256304,0.0
abrupto,3021,A* (h2),3231.994484256304,3231.994484256304,0.0
abrupto,3022,UCS,2081.1178436947544,2081.1178436947544,0.0
abrupto,3022,A* (h1),2081.1178436947544,2081.1178436947544,0.0
abrupto,3022,A* (h2),2081.1178436947544,2081.1178436947544,0.0
abrupto,3023,UCS,2624.1611511867413,2624.1611511867413,0.0
abrupto,3023,A* (h1),2624.1611511867413,2624.1611511867413,0.0
abrupto,3023,A* (h2),2624.1611511867413,2624.1611511867413,0.0
abrupto,3024,UCS,2016.2404387728773,2016.2404387728773,0.0
abrupto,3024,A* (h1),2016.2404387728773,2016.2404387728773,0.0
abrupto,3024,A* (h2),2016.2404387728773,2016.2404387728773,0.0
abrupto,3025,UCS,2733.504976184362,2733.504976184362,0.0
abrupto,3025,A* (h1),2733.504976184362,2733.504976184362,0.0
abrupto,3025,A* (h2),2733.504976184362,2733.504976184362,0.0
abrupto,3026,UCS,1927.0191053283825,1927.0191053283825,0.0
abrupto,3026,A* (h1),1927.0191053283825,1927.0191053283825,0.0
abrupto,3026,A* (h2),1927.0191053283825,1927.0191053283825,0.0
abrupto,3027,UCS,2010.6592558657776,2010.6592558657776,0.0
abrupto,3027,A* (h1),2010.6592558657776,2010.6592558657776,0.0
abrupto,3027,A* (h2),2010.6592558657776,2010.6592558657776,0.0
abrupto,3028,UCS,2539.0420483805237,2539.0420483805237,0.0
abrupto,3028,A* (h1),2539.0420483805237,2539.0420483805237,0.0
abrupto,3028,A* (h2),2539.0420483805237,2539.0420483805237,0.0
abrupto,3029,UCS,2233.9161198626393,2233.9161198626393,0.0
abrupto,3029,A* (h1),2233.9161198626393,2233.9161198626393,0.0
abrupto,3029,A* (h2),2233.9161198626393,2233.9161198626393,0.0
