terreno,semilla,algoritmo,coste,d,generados,expandidos,frontera_max,b_estrella,tiempo,coste_optimo,sobrecoste_pct,expandidos_optimo
base,3000,A* (h2),2180.1846296522635,80,1768,851,439,1.0592276793411357,0.020839700009673834,2180.1846296522635,0.0,851
base,3000,Voraz (h1),3940.0214771243127,83,304,84,221,1.0266327445005672,0.0020395000465214252,2180.1846296522635,80.71962454632755,851
base,3000,Voraz (h2),3940.0214771243127,83,304,84,221,1.0266327445005672,0.0022732000797986984,2180.1846296522635,80.71962454632755,851
base,3001,A* (h2),2036.1429361610055,70,2042,924,743,1.0731625686525286,0.023983600083738565,2036.1429361610055,0.0,924
base,3001,Voraz (h1),2062.164088100863,70,288,72,217,1.0341172985115892,0.0017725999932736158,2036.1429361610055,1.2779629306829632,924
base,3001,Voraz (h2),2062.164088100863,70,288,72,217,1.0341172985115892,0.002289700089022517,2036.1429361610055,1.2779629306829632,924
base,3002,A* (h2),1859.6249721566699,57,1023,467,355,1.0788664617632606,0.011863699881359935,1859.6249721566699,0.0,467
base,3002,Voraz (h1),1879.842719706036,57,261,61,201,1.0447760285940604,0.0014191002119332552,1859.6249721566699,1.0871948834887402,467
base,3002,Voraz (h2),1879.842719706036,57,261,61,201,1.0447760285940604,0.0014495998620986938,1859.6249721566699,1.0871948834887402,467
base,3003,A* (h2),2032.955703226089,75,2487,1137,533,1.0704088677878563,0.027612400008365512,2032.955703226089,0.0,1137
base,3003,Voraz (h1),2087.848272257382,75,274,78,197,1.02942772178579,0.0018539000302553177,2032.955703226089,2.700136011039711,1137
base,3003,Voraz (h2),2087.848272257382,75,274,78,197,1.02942772178579,0.001875199843198061,2032.955703226089,2.700136011039711,1137
base,3004,A* (h2),1892.6482411751854,64,1991,951,674,1.0815563365857979,0.023346300004050136,1892.6482411751854,0.0,951
base,3004,Voraz (h1),1907.8772441129317,65,265,66,200,1.0365408598563712,0.0016079999040812254,1892.6482411751854,0.8046399011942373,951
base,3004,Voraz (h2),1907.8772441129317,65,265,66,200,1.0365408598563712,0.0016197999939322472,1892.6482411751854,0.8046399011942373,951
base,3005,A* (h2),1846.4786474892564,55,1099,548,365,1.084479929335691,0.013029600027948618,1846.4786474892564,0.0,548
base,3005,Voraz (h1),1887.3631749855474,57,262,59,204,1.0448765392435715,0.0014205998741090298,1846.4786474892564,2.2141890214589566,548
base,3005,Voraz (h2),1888.9806922338319,55,265,58,208,1.0478058293536157,0.0014205998741090298,1846.4786474892564,2.301789127232401,548
base,3006,A* (h2),1791.4146551961103,53,792,277,346,1.080227964149801,0.0070350999012589455,1791.4146551961103,0.0,277
base,3006,Voraz (h1),1793.5896859354243,53,252,54,199,1.0492500380649128,0.0013060998171567917,1791.4146551961103,0.1214141423374615,277
base,3006,Voraz (h2),1793.5896859354243,53,252,54,199,1.0492500380649128,0.0013843001797795296,1791.4146551961103,0.1214141423374615,277
base,3007,A* (h2),1917.0503491510121,56,573,173,353,1.066408252898262,0.004555300110951066,1917.0503491510121,0.0,173
base,3007,Voraz (h1),1917.0503491510121,56,279,57,223,1.0478369014201672,0.0014150000642985106,1917.0503491510121,0.0,173
base,3007,Voraz (h2),1917.0503491510121,56,279,57,223,1.0478369014201672,0.001444400055333972,1917.0503491510121,0.0,173
base,3008,A* (h2),3079.4846532116576,92,8198,4284,687,1.0708509090897294,0.10096900002099574,3079.4846532116576,0.0,4284
base,3008,Voraz (h1),3879.6149596171954,93,337,94,244,1.0235881673197302,0.0021201998461037874,3079.4846532116576,25.98260412082474,4284
base,3008,Voraz (h2),3901.775830156737,92,337,93,245,1.0240240577879725,0.00211610016413033,3079.4846532116576,26.702233313210222,4284
base,3009,A* (h2),2527.270164687683,82,2842,1379,1134,1.0649585741697103,0.03415860002860427,2527.270164687683,0.0,1379
base,3009,Voraz (h1),2540.880159626075,82,358,83,276,1.0301920400036548,0.0020494998898357153,2527.270164687683,0.5385255256267429,1379
base,3009,Voraz (h2),2540.880159626075,82,358,83,276,1.0301920400036548,0.0023201999720185995,2527.270164687683,0.5385255256267429,1379
base,3010,A* (h2),1830.896004054348,72,654,285,186,1.0491160888329931,0.0068040997721254826,1830.896004054348,0.0,285
base,3010,Voraz (h1),1884.6131216200256,72,237,75,163,1.0284225113695875,0.0017453001346439123,1830.896004054348,2.933925108074198,285
base,3010,Voraz (h2),1884.6131216200256,72,237,75,163,1.0284225113695875,0.0017754000145941973,1830.896004054348,2.933925108074198,285
base,3011,A* (h2),1948.0444117557838,76,1271,582,571,1.0575051511320581,0.013887400040403008,1948.0444117557838,0.0,582
base,3011,Voraz (h1),1955.56507812888,76,246,78,169,1.0265825009347858,0.001788400113582611,1948.0444117557838,0.38606236735216903,582
base,3011,Voraz (h2),1955.56507812888,76,246,78,169,1.0265825009347858,0.0018466999754309654,1948.0444117557838,0.38606236735216903,582
base,3012,A* (h2),2490.358194833505,80,5800,2731,997,1.078530544349174,0.06783979991450906,2490.358194833505,0.0,2731
base,3012,Voraz (h1),2612.3288606669744,80,336,85,252,1.030224812417989,0.0020453999750316143,2490.358194833505,4.897715761793209,2731
base,3012,Voraz (h2),2612.3288606669744,80,336,85,252,1.030224812417989,0.002003900008276105,2490.358194833505,4.897715761793209,2731
base,3013,A* (h2),2062.3056300298267,78,2015,949,627,1.063427970240863,0.023052599979564548,2062.3056300298267,0.0,949
base,3013,Voraz (h1),2069.3976366210754,78,276,79,198,1.0276656346871527,0.0018939001020044088,2062.3056300298267,0.3438872729618625,949
base,3013,Voraz (h2),2069.3976366210754,78,276,79,198,1.0276656346871527,0.0019199999514967203,2062.3056300298267,0.3438872729618625,949
base,3014,A* (h2),2275.456475567552,74,1704,706,536,1.0648772503114565,0.01970669999718666,2275.456475567552,0.0,706
base,3014,Voraz (h1),3258.9588371135433,77,305,81,225,1.0302597929636992,0.001823500031605363,2275.456475567552,43.22220056090869,706
base,3014,Voraz (h2),3258.9588371135433,77,305,81,225,1.0302597929636992,0.0020683000329881907,2275.456475567552,43.22220056090869,706
base,3015,A* (h2),2405.2857264923537,83,3529,1821,1016,1.067351342075232,0.04344459995627403,2405.2857264923537,0.0,1821
base,3015,Voraz (h1),2434.956391112881,83,328,84,245,1.0280231026723374,0.0020192000083625317,2405.2857264923537,1.2335609151847615,1821
base,3015,Voraz (h2),2434.956391112881,83,328,84,245,1.0280231026723374,0.002781500108540058,2405.2857264923537,1.2335609151847615,1821
base,3016,A* (h2),1747.2453400065629,53,874,358,386,1.082793609014955,0.008919700048863888,1747.2453400065629,0.0,358
base,3016,Voraz (h1),1747.5283889505195,53,250,57,194,1.049024285242867,0.001331100007519126,1747.2453400065629,0.01619972521749169,358
base,3016,Voraz (h2),1747.5283889505195,53,250,57,194,1.049024285242867,0.0013540000654757023,1747.2453400065629,0.01619972521749169,358
base,3017,A* (h2),1737.9457961538271,53,784,247,383,1.0799629996413613,0.006318100029602647,1737.9457961538271,0.0,247
base,3017,Voraz (h1),1741.3023557564732,53,255,55,201,1.0495850705751004,0.001317800022661686,1737.9457961538271,0.19313373351885765,247
base,3017,Voraz (h2),1741.3023557564732,53,255,55,201,1.0495850705751004,0.0013560999650508165,1737.9457961538271,0.19313373351885765,247
base,3018,A* (h2),2214.193053812081,84,1371,651,269,1.0515437516984922,0.01748010003939271,2214.193053812081,0.0,651
base,3018,Voraz (h1),2584.0305715703626,87,276,93,184,1.022862428972775,0.002163400175049901,2214.193053812081,16.70303847812855,651
base,3018,Voraz (h2),2584.0305715703626,87,276,93,184,1.022862428972775,0.0020946001168340445,2214.193053812081,16.70303847812855,651
base,3019,A* (h2),2527.5381299020564,75,1837,655,705,1.0650847225941344,0.02061870018951595,2527.5381299020564,0.0,655
base,3019,Voraz (h1),2548.884322877622,76,370,78,293,1.0347192377713808,0.0020192000083625317,2527.5381299020564,0.8445448447653048,655
base,3019,Voraz (h2),2559.699777691077,75,371,77,295,1.035499063043551,0.0020343998912721872,2527.5381299020564,1.2724495590603402,655
base,3020,A* (h2),1920.6220775486718,65,1907,928,640,1.0790675743783316,0.022834799950942397,1920.6220775486718,0.0,928
base,3020,Voraz (h1),2563.386116508363,65,263,68,196,1.036363980717245,0.0015728999860584736,1920.6220775486718,33.466450608547824,928
base,3020,Voraz (h2),2563.386116508363,65,263,68,196,1.036363980717245,0.0015857999678701162,1920.6220775486718,33.466450608547824,928
base,3021,A* (h2),1898.4698157565465,62,1801,773,688,1.082795144286774,0.021004100097343326,1898.4698157565465,0.0,773
base,3021,Voraz (h1),1919.9171031127419,62,267,63,205,1.0396540741843134,0.0016284999437630177,1898.4698157565465,1.129714424648287,773
base,3021,Voraz (h2),1919.9171031127419,62,267,63,205,1.0396540741843134,0.0015916000120341778,1898.4698157565465,1.129714424648287,773
base,3022,A* (h2),2281.11515189651,83,2948,1402,1130,1.0645410351375628,0.03548329998739064,2281.11515189651,0.0,1402
base,3022,Voraz (h1),2375.708152841468,84,306,86,221,1.0262167563623172,0.002007500035688281,2281.11515189651,4.146787630002535,1402
base,3022,Voraz (h2),2375.708152841468,84,306,86,221,1.0262167563623172,0.0022909999825060368,2281.11515189651,4.146787630002535,1402
base,3023,A* (h2),1817.6317122976066,56,990,393,407,1.0799441869808257,0.010528199840337038,1817.6317122976066,0.0,393
base,3023,Voraz (h1),1839.162433900853,56,262,60,203,1.0461583635314768,0.0014887999277561903,1817.6317122976066,1.1845480829573818,393
base,3023,Voraz (h2),1839.162433900853,56,265,61,205,1.0464632480447171,0.0014814999885857105,1817.6317122976066,1.1845480829573818,393
base,3024,A* (h2),2091.757708882373,63,1807,691,625,1.0811743604391868,0.017671699868515134,2091.757708882373,0.0,691
base,3024,Voraz (h1),2119.888452573063,63,299,64,236,1.041334592022934,0.0016278999391943216,2091.757708882373,1.3448375770882315,691
base,3024,Voraz (h2),2119.888452573063,63,299,64,236,1.041334592022934,0.0016141999512910843,2091.757708882373,1.3448375770882315,691
base,3025,A* (h2),1825.4874248818405,54,1035,399,363,1.085037187617011,0.009844799991697073,1825.4874248818405,0.0,399
base,3025,Voraz (h1),1836.156234243626,55,255,56,200,1.0467563741935786,0.0013207001611590385,1825.4874248818405,0.5844362013326831,399
base,3025,Voraz (h2),1836.156234243626,55,255,56,200,1.0467563741935786,0.001361600123345852,1825.4874248818405,0.5844362013326831,399
base,3026,A* (h2),3071.766212029034,98,9194,4049,935,1.0670590215909448,0.10168780013918877,3071.766212029034,0.0,4049
base,3026,Voraz (h1),3417.544623471709,83,395,84,312,1.031369832273618,0.002267400035634637,3071.766212029034,11.256664328444256,4049
base,3026,Voraz (h2),3417.544623471709,83,395,84,312,1.031369832273618,0.002144400030374527,3071.766212029034,11.256664328444256,4049
base,3027,A* (h2),1998.119768021278,76,1790,791,694,1.0635260749369733,0.0209197998046875,1998.119768021278,0.0,791
base,3027,Voraz (h1),2066.3802211719303,76,258,77,182,1.0275542915772478,0.0020659000147134066,1998.119768021278,3.4162343140346385,791
base,3027,Voraz (h2),2066.3802211719303,76,258,77,182,1.0275542915772478,0.0018708999268710613,1998.119768021278,3.4162343140346385,791
base,3028,A* (h2),2201.7082832373217,64,2951,1414,688,1.0896740136460847,0.03286690008826554,2201.7082832373217,0.0,1414
base,3028,Voraz (h1),2391.4043294833773,61,247,64,184,1.0387782529174907,0.0014123998116701841,2201.7082832373217,8.615857409008454,1414
base,3028,Voraz (h2),2391.4043294833773,61,247,64,184,1.0387782529174907,0.0014361001085489988,2201.7082832373217,8.615857409008454,1414
base,3029,A* (h2),2024.9171471570478,67,2338,1087,747,1.0800651379412693,0.029165699845179915,2024.9171471570478,0.0,1087
base,3029,Voraz (h1),2082.492580921543,67,292,70,223,1.0369475820354372,0.0022174001205712557,2024.9171471570478,2.8433476325354867,1087
base,3029,Voraz (h2),2082.492580921543,67,292,70,223,1.0369475820354372,0.0019515999592840672,2024.9171471570478,2.8433476325354867,1087
abrupto,3000,A* (h2),2434.4451921596296,75,5230,2474,592,1.0832697546645287,0.06050490005873144,2434.4451921596296,0.0,2474
abrupto,3000,Voraz (h1),2565.2259544877215,75,279,77,203,1.0297958583025593,0.001760799903422594,2434.4451921596296,5.372097213331561,2474
abrupto,3000,Voraz (h2),2565.2259544877215,75,279,77,203,1.0297958583025593,0.0017625000327825546,2434.4451921596296,5.372097213331561,2474
abrupto,3001,A* (h2),2330.7736429432684,69,6135,2915,463,1.0953142245961545,0.07033800007775426,2330.7736429432684,0.0,2915
abrupto,3001,Voraz (h1),2539.947476729994,62,271,63,209,1.0400151122516554,0.0014444999396800995,2330.7736429432684,8.974437926223654,2915
abrupto,3001,Voraz (h2),2539.947476729994,62,271,63,209,1.0400151122516554,0.0014561000280082226,2330.7736429432684,8.974437926223654,2915
abrupto,3002,A* (h2),2711.190984694014,84,2892,1448,393,1.0632721895055308,0.034768000012263656,2711.190984694014,0.0,1448
abrupto,3002,Voraz (h1),2891.9932964357963,84,290,86,205,1.025236755911152,0.002032899996265769,2711.190984694014,6.668741256610078,1448
abrupto,3002,Voraz (h2),2891.9932964357963,84,290,86,205,1.025236755911152,0.002065399894490838,2711.190984694014,6.668741256610078,1448
abrupto,3003,A* (h2),2121.5020635817123,76,1703,911,222,1.0626553586924428,0.02112650009803474,2121.5020635817123,0.0,911
abrupto,3003,Voraz (h1),2167.4099335470005,76,248,81,168,1.0267482743776868,0.0019661998376250267,2121.5020635817123,2.163932373828681,911
abrupto,3003,Voraz (h2),2167.4099335470005,76,248,81,168,1.0267482743776868,0.0019590998999774456,2121.5020635817123,2.163932373828681,911
abrupto,3004,A* (h2),3053.332921618475,77,2690,1447,701,1.0694192478561206,0.03150020004250109,3053.332921618475,0.0,1447
abrupto,3004,Voraz (h1),3190.574830872009,76,243,77,167,1.0263310861114328,0.0016781000886112452,3053.332921618475,4.494822961551992,1447
abrupto,3004,Voraz (h2),3190.574830872009,76,243,77,167,1.0263310861114328,0.0017025999259203672,3053.332921618475,4.494822961551992,1447
abrupto,3005,A* (h2),1994.3367586347645,73,942,456,245,1.0550892237231895,0.010712699964642525,1994.3367586347645,0.0,456
abrupto,3005,Voraz (h1),2029.7664260882268,73,229,76,154,1.0270055032558085,0.0017375999595969915,1994.3367586347645,1.7765137858520852,456
abrupto,3005,Voraz (h2),2029.7664260882268,73,229,76,154,1.0270055032558085,0.0017423999961465597,1994.3367586347645,1.7765137858520852,456
abrupto,3006,A* (h2),2325.781696724414,69,4329,1890,505,1.0887811711538156,0.04616160015575588,2325.781696724414,0.0,1890
abrupto,3006,Voraz (h1),2816.4319384962373,67,289,69,221,1.0367157093446044,0.0016244000289589167,2325.781696724414,21.096143393975698,1890
abrupto,3006,Voraz (h2),2816.4319384962373,67,289,69,221,1.0367157093446044,0.0016389000229537487,2325.781696724414,21.096143393975698,1890
abrupto,3007,A* (h2),2427.5276550049534,84,4038,2028,440,1.068414671202288,0.04795969999395311,2427.5276550049534,0.0,2028
abrupto,3007,Voraz (h1),3045.488834683758,84,276,85,192,1.0243275338905873,0.0018343999981880188,2427.5276550049534,25.45640122388404,2028
abrupto,3007,Voraz (h2),3045.488834683758,84,276,85,192,1.0243275338905873,0.0018518997821956873,2427.5276550049534,25.45640122388404,2028
abrupto,3008,A* (h2),2722.6714300167732,97,3695,1877,483,1.0559638688846602,0.04458320001140237,2722.6714300167732,0.0,1877
abrupto,3008,Voraz (h1),3156.7810164614266,97,306,101,206,1.0204165392344033,0.0022054000291973352,2722.6714300167732,15.944251724931014,1877
abrupto,3008,Voraz (h2),3156.7810164614266,97,306,101,206,1.0204165392344033,0.0022289000917226076,2722.6714300167732,15.944251724931014,1877
abrupto,3009,A* (h2),2137.2678638925768,57,1856,740,460,1.0929784239156124,0.019127900013700128,2137.2678638925768,0.0,740
abrupto,3009,Voraz (h1),2383.7058078833834,57,271,58,214,1.0457651517815116,0.0014377001207321882,2137.2678638925768,11.530512770728363,740
abrupto,3009,Voraz (h2),2383.7058078833834,57,271,58,214,1.0457651517815116,0.0014705001376569271,2137.2678638925768,11.530512770728363,740
abrupto,3010,A* (h2),1896.2462015673616,74,1089,539,252,1.0567518033676457,0.013005899963900447,1896.2462015673616,0.0,539
abrupto,3010,Voraz (h1),1912.7607696497791,74,232,76,157,1.0266282971650407,0.0017677000723779202,1896.2462015673616,0.8709084331331773,539
abrupto,3010,Voraz (h2),1912.7607696497791,74,232,76,157,1.0266282971650407,0.0017957000527530909,1896.2462015673616,0.8709084331331773,539
abrupto,3011,A* (h2),2692.391664489824,91,4579,2300,801,1.0636685200995282,0.05328839994035661,2692.391664489824,0.0,2300
abrupto,3011,Voraz (h1),4180.35819071803,98,305,99,207,1.0199930534688475,0.0020614000968635082,2692.391664489824,55.26560440121395,2300
abrupto,3011,Voraz (h2),4180.35819071803,98,305,99,207,1.0199930534688475,0.002092599868774414,2692.391664489824,55.26560440121395,2300
abrupto,3012,A* (h2),2927.456391302314,70,2050,1086,440,1.073235570733105,0.02346409996971488,2927.456391302314,0.0,1086
abrupto,3012,Voraz (h1),3387.4465039272536,69,266,72,195,1.0331828940329277,0.001538699958473444,2927.456391302314,15.712962078328596,1086
abrupto,3012,Voraz (h2),3403.6282607317216,68,267,71,197,1.0340830948492532,0.0015628000255674124,2927.456391302314,16.26572033127971,1086
abrupto,3013,A* (h2),1949.741026877081,71,2262,1162,410,1.0737419979620522,0.028889100067317486,1949.741026877081,0.0,1162
abrupto,3013,Voraz (h1),2056.0752432776744,71,236,72,165,1.0290365089876645,0.0017174000386148691,1949.741026877081,5.453761034659554,1162
abrupto,3013,Voraz (h2),2056.0752432776744,71,236,72,165,1.0290365089876645,0.0017520999535918236,1949.741026877081,5.453761034659554,1162
abrupto,3014,A* (h2),2248.2918053431804,66,3470,1576,535,1.0894692646240516,0.03794710012152791,2248.2918053431804,0.0,1576
abrupto,3014,Voraz (h1),3497.50638742351,72,253,73,181,1.029826332951076,0.0014485998544842005,2248.2918053431804,55.56283126200556,1576
abrupto,3014,Voraz (h2),4296.739301669579,81,281,83,199,1.0262641461476427,0.0016509999986737967,2248.2918053431804,91.11128241708475,1576
abrupto,3015,A* (h2),2420.350061328668,76,4928,2350,709,1.0809085497220146,0.05736949993297458,2420.350061328668,0.0,2350
abrupto,3015,Voraz (h1),2528.4963947146525,76,268,77,192,1.0283253447917553,0.0017915000207722187,2420.350061328668,4.46821040947345,2350
abrupto,3015,Voraz (h2),2528.4963947146525,76,268,77,192,1.0283253447917553,0.0018174999859184027,2420.350061328668,4.46821040947345,2350
abrupto,3016,A* (h2),2657.7710638796384,79,6538,3174,604,1.0816974205513405,0.07548590004444122,2657.7710638796384,0.0,3174
abrupto,3016,Voraz (h1),3878.6061231527547,83,318,88,231,1.0274580330593173,0.0018455998506397009,2657.7710638796384,45.93454552443739,3174
abrupto,3016,Voraz (h2),3878.6061231527547,83,318,86,233,1.0274580330593173,0.0018601000774651766,2657.7710638796384,45.93454552443739,3174
abrupto,3017,A* (h2),2780.431681690248,86,1993,1081,353,1.0557437181201008,0.025492000160738826,2780.431681690248,0.0,1081
abrupto,3017,Voraz (h1),3216.0769653875373,80,273,83,191,1.0262763620914281,0.0018556001596152782,2780.431681690248,15.668260672114664,1081
abrupto,3017,Voraz (h2),3216.0769653875373,80,273,83,191,1.0262763620914281,0.0018581000622361898,2780.431681690248,15.668260672114664,1081
abrupto,3018,A* (h2),2667.9005750999995,88,4224,2048,627,1.0652061135085844,0.06232779985293746,2667.9005750999995,0.0,2048
abrupto,3018,Voraz (h1),3750.504470119216,88,374,93,282,1.0276687175381956,0.0025679999962449074,2667.9005750999995,40.57886958469723,2048
abrupto,3018,Voraz (h2),3750.504470119216,88,374,93,282,1.0276687175381956,0.002816000021994114,2667.9005750999995,40.57886958469723,2048
abrupto,3019,A* (h2),2641.8525765111813,83,3561,1645,725,1.0674919263577698,0.04163630004040897,2641.8525765111813,0.0,1645
abrupto,3019,Voraz (h1),2865.5866909762867,83,330,87,244,1.0281336708578552,0.0019920000340789557,2641.8525765111813,8.46883419818103,1645
abrupto,3019,Voraz (h2),2883.865966522594,82,330,84,247,1.0287008157174957,0.0019761999137699604,2641.8525765111813,9.160745461846131,1645
abrupto,3020,A* (h2),2551.6850191853177,79,6032,3421,533,1.0803942843448804,0.08031390001997352,2551.6850191853177,0.0,3421
abrupto,3020,Voraz (h1),2775.3261750347533,80,272,83,190,1.0262053585023914,0.0018261000514030457,2551.6850191853177,8.764449928888096,3421
abrupto,3020,Voraz (h2),3140.9795205398445,84,279,88,192,1.0245267836567415,0.0018700000364333391,2551.6850191853177,23.09432774514906,3421
abrupto,3021,A* (h2),3231.994484256304,97,3657,1700,491,1.0558271058050923,0.04095009993761778,3231.994484256304,0.0,1700
abrupto,3021,Voraz (h1),3851.4159437733165,88,354,89,266,1.026730903359184,0.002687700092792511,3231.994484256304,19.16530063817681,1700
abrupto,3021,Voraz (h2),4362.445488404354,85,377,86,292,1.0293984148383273,0.0021042998414486647,3231.994484256304,34.97688531508037,1700
abrupto,3022,A* (h2),2081.1178436947544,63,3387,1474,539,1.0943457780778478,0.03777950000949204,2081.1178436947544,0.0,1474
abrupto,3022,Voraz (h1),2364.131651910493,57,269,59,211,1.0455708214911243,0.0017048001755028963,2081.1178436947544,13.599124579763554,1474
abrupto,3022,Voraz (h2),2364.131651910493,57,269,59,211,1.0455708214911243,0.001494100084528327,2081.1178436947544,13.599124579763554,1474
abrupto,3023,A* (h2),2624.1611511867413,79,4142,1918,518,1.0742834087501816,0.04799159988760948,2624.1611511867413,0.0,1918
abrupto,3023,Voraz (h1),3093.82937038694,75,303,76,228,1.0314674018275942,0.0017081999685615301,2624.1611511867413,17.89784209661809,1918
abrupto,3023,Voraz (h2),3093.82937038694,75,303,76,228,1.0314674018275942,0.0017142000142484903,2624.1611511867413,17.89784209661809,1918
abrupto,3024,A* (h2),2016.2404387728773,55,2282,984,489,1.1023705942755038,0.02637239987961948,2016.2404387728773,0.0,984
abrupto,3024,Voraz (h1),2029.8101878649222,56,264,57,208,1.0463621782121844,0.001558799995109439,2016.2404387728773,0.6730223653436784,984
abrupto,3024,Voraz (h2),2029.8101878649222,56,264,57,208,1.0463621782121844,0.001424900023266673,2016.2404387728773,0.6730223653436784,984
abrupto,3025,A* (h2),2733.504976184362,83,4544,2231,623,1.0712759311794098,0.057194000110030174,2733.504976184362,0.0,2231
abrupto,3025,Voraz (h1),3907.933087817639,90,372,98,275,1.0265881704100837,0.0021919000428169966,2733.504976184362,42.96418414692753,2231
abrupto,3025,Voraz (h2),3907.933087817639,90,372,98,275,1.0265881704100837,0.0022103001829236746,2733.504976184362,42.96418414692753,2231
abrupto,3026,A* (h2),1927.0191053283825,57,2588,1084,393,1.1007460025192382,0.027617699932307005,1927.0191053283825,0.0,1084
abrupto,3026,Voraz (h1),2097.2970705649855,56,215,57,159,1.0408030778051427,0.0012374999932944775,1927.0191053283825,8.83634027113529,1084
abrupto,3026,Voraz (h2),2097.2970705649855,56,215,57,159,1.0408030778051427,0.001252699876204133,1927.0191053283825,8.83634027113529,1084
abrupto,3027,A* (h2),2010.6592558657776,58,2567,1046,467,1.0983610843074032,0.028380499919876456,2010.6592558657776,0.0,1046
abrupto,3027,Voraz (h1),2223.3134031568316,59,267,64,204,1.0429487271605185,0.0014851000159978867,2010.6592558657776,10.57633941060223,1046
abrupto,3027,Voraz (h2),2223.3134031568316,59,267,64,204,1.0429487271605185,0.0014957000967115164,2010.6592558657776,10.57633941060223,1046
abrupto,3028,A* (h2),2539.0420483805237,93,1053,586,185,1.04116587549641,0.02464219997636974,2539.0420483805237,0.0,586
abrupto,3028,Voraz (h1),2540.410726704553,93,193,94,100,1.0140489638522299,0.0033433001954108477,2539.0420483805237,0.05390530357314294,586
abrupto,3028,Voraz (h2),2540.410726704553,93,193,94,100,1.0140489638522299,0.003034299938008189,2539.0420483805237,0.05390530357314294,586
abrupto,3029,A* (h2),2233.9161198626393,71,2910,1353,515,1.0783982177388327,0.035708900075405836,2233.9161198626393,0.0,1353
abrupto,3029,Voraz (h1),2734.028816726194,72,283,75,209,1.0322052586014423,0.0016551001463085413,2233.9161198626393,22.387263891282807,1353
abrupto,3029,Voraz (h2),2734.028816726194,72,283,75,209,1.0322052586014423,0.0017148000188171864,2233.9161198626393,22.387263891282807,1353
